
{
    "default": "Desculpa, não sei responder a tua pergunta. Podes sempre ensinar-me nas opções desta resposta, e para a próxima já saberei :)",
    "thanksMessage": "Obrigado por me ensinares!",
    "errorMessage": "Algo correu mal enquanto me tentavas ensinar... Tenta de novo ou contacta os administradores!",
    "questionlist": [
      {
        "questions": [
          "Como te chamas?",
          "Qual é o teu nome?"
        ],
        "answer": "O teu bot favorito: Asdrubal"
      },
      {
        "questions": [
          "Está tudo bem?",
          "Como estas?",
          "Tudo bem?"
        ],
        "answer": "Está tudo bem, obrigado. E contigo?"
      },
      {
        "questions": [
          "Também"
        ],
        "answer": "Ainda bem. Em que te posso ajudar?"
      },
      {
        "questions": [
          "Olá",
          "Hello"
        ],
        "answer": "Olá! Eu sou o Asdrubal!"
      },
      {
        "questions": [
          "Quem és?",
          "Para que serves?",
          "O que fazes?"
        ],
        "answer": "Eu sou um ChatBot desenvolvido para te ajudar em questões de alimentação e nutrição!"
      },
      {
        "questions": [
          "Qual o valor calórico do alho?"
        ],
        "answer": "Um dente de alho tem 4 calorias!"
      },
      {
        "questions": [
          "Fruta",
          "Frutas",
          "Legume",
          "Legumes",
          "Vegetal",
          "Vegetais"
        ],
        "answer": "As frutas e vegetais são muito importantes para uma alimentação saudável pois são ricas em fibra e vitaminas!"
      },
      {
        "questions": [
          "Água"
        ],
        "answer": "A ingestão de água é essencial para um corpo saudável, deve ingerir de 1,5 a 2 litros de água por dia! "
      },
      {
        "questions": [
          "Carne"
        ],
        "answer": "A carne é uma boa fonte de proteina, um macro-nutriente importante para um corpo sáudavel. As carnes brancas como o frango e o perú são mais saudáveis, as carnes vermelhas devem ser ingeridas com maior moderação! "
      },
      {
        "questions": [
          "Peixe"
        ],
        "answer": "O peixe é uma otima fonte de proteina, um macro-nutriente importante para um corpo sáudavel. As gorduras encontradas no peixe, como o omega 3, são gorduras saudáveis para o teu corpo!"
      },
      {
        "questions": [
          "Qual é o teu alimento favorito?"
        ],
        "answer": "Eu sou um bot, a minha alimentação é totalemnte diferente!"
      },
      {
        "questions": [
          "Leguminosas",
          "Leguminosa"
        ],
        "answer": "As leguminosas como o feijão, soja, grão-de-bico, lentinha e ervilha são alimentos muito importantes para uma dieta equilibrada, ricos em proteinas fibras e minerais. O seu valor proteico faz destas a principal fonte de proteina em dietas vegetarianas ou vegan!"
      },
      {
        "questions": [
          "Ajuda",
          "Help"
        ],
        "answer": "Pode me fazer questões relacionadas com alimentos, como carne, peixe, frutas, vegetais, leguminosas, água. Nas opções de cada mensagem pode escolher apagar essa mensagem. Caso eu não entenda alguma das suas mensagens, pode nas opções da minha resposta ensinar-me a resposta à sua pergunta, e irei saber da próxima vez! "
      }

    ]
  }